<?xml version="1.0" encoding="UTF-8"?>
<templates id="pos_stock_quantity.template" inherit_id="point_of_sale.template">
    <t t-extend="Product">
        <t t-jquery=".product-img" t-operation="prepend">
            <span class="qty-tag">
            </span>
        </t>
    </t>

    <t t-name="Reminder">
        <div class="modal-dialog">
            <div class="popup popup-warning" style="height: 40%; width: 40%; border-radius: 0; background: white">
                <p class="title" style="font-size: 18px; height: 30px; padding: 8px;">
                    <t t-esc=" widget.options.title || 'Warning' "/>
                </p>
                <div class="body">
                    <div style="display: flex; flex-flow: row;">
                        <div>
                            <img t-att-src="widget.options.product_image_url" style="max-width: 128px;"/>
                        </div>
                        <div style="flex-grow: 1; margin-left: 16px; text-align: center;">
                            <p style="font-weight: bold;">
                                <t t-esc="widget.options.product_name"/>
                            </p>
                            <p>
                                Maximum quantity available is
                                <b style="color: #32a868"><t t-esc="  widget.options.max_available || '' "/></b>
                            </p>
                        </div>
                    </div>
                </div>
                <div class="footer">
                    <div class="button cancel" style="width: 64px;">
                        Cancel
                    </div>
                    <div class="button confirm" style="color: #32a868; width: 64px;">
                        Order
                    </div>
                </div>
            </div>
        </div>
    </t>
</templates>